Day,Campaign name,Amount spent (INR),Impressions,Link clicks,Results
2025-10-01,Diwali Festive Sale,18175.81,165248,1795,119
2025-10-01,Meta - Digital Marketing Prospecting,19988.41,234968,2485,119
2025-10-01,Meta - Website Retargeting,16761.34,129232,1390,119
2025-10-02,Diwali Festive Sale,18037.24,153668,1792,108
2025-10-02,Meta - Digital Marketing Prospecting,18914.44,167913,1916,97
2025-10-02,Meta - Website Retargeting,18152.91,131132,1387,123
2025-10-03,Diwali Festive Sale,17991.29,164536,1899,120
2025-10-03,Meta - Digital Marketing Prospecting,18216.38,170094,2078,105
2025-10-03,Meta - Website Retargeting,17903.32,136682,1469,136
2025-10-04,Diwali Festive Sale,19356.54,184586,1993,119
2025-10-04,Meta - Digital Marketing Prospecting,18913.19,192220,2346,112
2025-10-04,Meta - Website Retargeting,20568.57,161462,1620,150
2025-10-05,Diwali Festive Sale,21296.1,221449,2244,125
2025-10-05,Meta - Digital Marketing Prospecting,19307.75,234410,2317,136
2025-10-05,Meta - Website Retargeting,20393.47,151847,1685,157
2025-10-06,Diwali Festive Sale,17581.46,168792,1850,122
2025-10-06,Meta - Digital Marketing Prospecting,17731.35,182154,2065,128
2025-10-06,Meta - Website Retargeting,17463.06,148187,1510,132
2025-10-07,Diwali Festive Sale,18543.28,154901,1867,118
2025-10-07,Meta - Digital Marketing Prospecting,18595.0,194040,2279,129
2025-10-07,Meta - Website Retargeting,17910.77,132307,1385,117
2025-10-08,Diwali Festive Sale,17929.59,165009,1910,107
2025-10-08,Meta - Digital Marketing Prospecting,18578.76,178379,1979,109
2025-10-08,Meta - Website Retargeting,18493.73,150893,1511,114
2025-10-09,Diwali Festive Sale,18212.29,198988,2196,146
2025-10-09,Meta - Digital Marketing Prospecting,17824.6,179844,2181,115
2025-10-09,Meta - Website Retargeting,17937.65,137300,1358,122
2025-10-10,Diwali Festive Sale,19483.71,194963,1868,122
2025-10-10,Meta - Digital Marketing Prospecting,18213.36,218334,2372,121
2025-10-10,Meta - Website Retargeting,18145.2,126834,1277,105
2025-10-11,Diwali Festive Sale,20116.94,206986,2072,152
2025-10-11,Meta - Digital Marketing Prospecting,20259.45,194771,2203,132
2025-10-11,Meta - Website Retargeting,20682.66,121003,1574,118
2025-10-12,Diwali Festive Sale,20155.81,211823,2176,164
2025-10-12,Meta - Digital Marketing Prospecting,20713.95,182557,2205,132
2025-10-12,Meta - Website Retargeting,19832.04,128834,1682,137
2025-10-13,Diwali Festive Sale,19259.43,181501,1944,122
2025-10-13,Meta - Digital Marketing Prospecting,18304.99,228575,2229,108
2025-10-13,Meta - Website Retargeting,17593.72,113455,1319,114
2025-10-14,Diwali Festive Sale,18293.6,182722,2106,136
2025-10-14,Meta - Digital Marketing Prospecting,18417.17,190840,2091,124
2025-10-14,Meta - Website Retargeting,18841.85,148791,1631,139
2025-10-15,Diwali Festive Sale,17698.19,153602,1795,120
2025-10-15,Meta - Digital Marketing Prospecting,18358.35,225186,2252,131
2025-10-15,Meta - Website Retargeting,18475.53,143759,1548,140
2025-10-16,Diwali Festive Sale,18958.38,183911,1905,119
2025-10-16,Meta - Digital Marketing Prospecting,19496.42,228947,2444,142
2025-10-16,Meta - Website Retargeting,19433.69,136214,1413,158
2025-10-17,Diwali Festive Sale,16372.17,190605,1864,141
2025-10-17,Meta - Digital Marketing Prospecting,18679.26,207812,2061,129
2025-10-17,Meta - Website Retargeting,17450.4,123510,1355,125
2025-10-18,Diwali Festive Sale,21296.1,202363,2404,154
2025-10-18,Meta - Digital Marketing Prospecting,19739.92,206455,2301,140
2025-10-18,Meta - Website Retargeting,20091.94,145892,1527,136
2025-10-19,Diwali Festive Sale,19849.86,208152,2248,187
2025-10-19,Meta - Digital Marketing Prospecting,20125.83,224936,2425,138
2025-10-19,Meta - Website Retargeting,21296.1,128409,1667,141
2025-10-20,Diwali Festive Sale,18251.43,196457,1985,134
2025-10-20,Meta - Digital Marketing Prospecting,19230.03,214350,2356,154
2025-10-20,Meta - Website Retargeting,18097.26,133081,1582,157
2025-10-21,Diwali Festive Sale,18788.24,191850,2155,157
2025-10-21,Meta - Digital Marketing Prospecting,17641.33,212267,2156,122
2025-10-21,Meta - Website Retargeting,18277.31,101766,1311,115
2025-10-22,Diwali Festive Sale,18457.11,154927,1723,119
2025-10-22,Meta - Digital Marketing Prospecting,16746.74,180565,2074,109
2025-10-22,Meta - Website Retargeting,18773.4,148285,1579,131
2025-10-23,Diwali Festive Sale,17959.46,146568,1654,100
2025-10-23,Meta - Digital Marketing Prospecting,18100.52,229549,2425,147
2025-10-23,Meta - Website Retargeting,19196.1,141903,1459,140
2025-10-24,Diwali Festive Sale,18550.49,168825,2029,137
2025-10-24,Meta - Digital Marketing Prospecting,17790.85,157497,1928,116
2025-10-24,Meta - Website Retargeting,17973.0,119306,1328,117
2025-10-25,Diwali Festive Sale,19708.38,173684,1932,122
2025-10-25,Meta - Digital Marketing Prospecting,20714.15,199404,2371,146
2025-10-25,Meta - Website Retargeting,20907.91,166368,1775,167
2025-10-26,Diwali Festive Sale,19458.3,213829,2242,165
2025-10-26,Meta - Digital Marketing Prospecting,20397.8,254630,2491,139
2025-10-26,Meta - Website Retargeting,20409.78,132260,1470,118
2025-10-27,Diwali Festive Sale,17321.05,179251,2028,146
2025-10-27,Meta - Digital Marketing Prospecting,17422.3,217482,2353,137
2025-10-27,Meta - Website Retargeting,19144.32,148591,1590,126
2025-10-28,Diwali Festive Sale,16587.52,189744,1762,92
2025-10-28,Meta - Digital Marketing Prospecting,17939.96,190096,2083,149
2025-10-28,Meta - Website Retargeting,17901.99,123357,1422,115
2025-10-29,Diwali Festive Sale,17026.65,144331,1654,107
2025-10-29,Meta - Digital Marketing Prospecting,17459.58,189754,2045,101
2025-10-29,Meta - Website Retargeting,18034.74,131197,1451,104
2025-10-30,Diwali Festive Sale,17118.23,177841,1916,117
2025-10-30,Meta - Digital Marketing Prospecting,18829.51,204397,2325,133
2025-10-30,Meta - Website Retargeting,17460.87,113326,1256,99
2025-10-31,Diwali Festive Sale,17369.82,158125,1687,112
2025-10-31,Meta - Digital Marketing Prospecting,18405.05,205152,2132,113
2025-10-31,Meta - Website Retargeting,18512.53,135363,1505,136
2025-11-01,Diwali Festive Sale,17887.6,157599,1843,112
2025-11-01,Meta - Digital Marketing Prospecting,16759.66,195422,1984,107
2025-11-01,Meta - Finance Basics Awareness,16795.9,387752,3505,101
2025-11-01,Meta - Website Retargeting,17322.5,122009,1374,105
2025-11-02,Diwali Festive Sale,17140.4,162274,1845,98
2025-11-02,Meta - Digital Marketing Prospecting,16441.15,186389,1963,103
2025-11-02,Meta - Finance Basics Awareness,15778.26,420895,3548,132
2025-11-02,Meta - Website Retargeting,16913.02,110758,1242,101
2025-11-03,Diwali Festive Sale,16689.04,199761,1965,115
2025-11-03,Meta - Digital Marketing Prospecting,13795.27,129050,1615,106
2025-11-03,Meta - Finance Basics Awareness,15367.06,332155,3026,83
2025-11-03,Meta - Website Retargeting,14712.29,110702,1124,104
2025-11-04,Diwali Festive Sale,15471.08,192417,1876,118
2025-11-04,Meta - Digital Marketing Prospecting,14885.88,156640,1642,99
2025-11-04,Meta - Finance Basics Awareness,14291.75,409449,3220,87
2025-11-04,Meta - Website Retargeting,15953.9,116198,1255,87
2025-11-05,Diwali Festive Sale,16374.66,160294,1735,107
2025-11-05,Meta - Digital Marketing Prospecting,14718.31,148890,1617,96
2025-11-05,Meta - Finance Basics Awareness,14502.79,370360,2981,91
2025-11-05,Meta - Website Retargeting,14975.82,100535,1132,105
2025-11-06,Meta - Digital Marketing Prospecting,14432.35,174981,1718,73
2025-11-06,Meta - Finance Basics Awareness,14332.48,377060,3310,114
2025-11-06,Meta - Website Retargeting,15548.24,111079,1229,97
2025-11-07,Meta - Digital Marketing Prospecting,14803.95,211844,2067,94
2025-11-07,Meta - Finance Basics Awareness,14083.33,354854,3171,89
2025-11-07,Meta - Website Retargeting,15652.51,118530,1324,93
2025-11-08,Meta - Digital Marketing Prospecting,16454.44,145088,1826,90
2025-11-08,Meta - Finance Basics Awareness,15967.93,359551,3174,103
2025-11-08,Meta - Website Retargeting,16375.45,114280,1446,127
2025-11-09,Meta - Digital Marketing Prospecting,15344.83,173131,1992,116
2025-11-09,Meta - Finance Basics Awareness,17400.98,398843,3550,137
2025-11-09,Meta - Website Retargeting,15948.91,99787,1142,91
2025-11-10,Meta - Digital Marketing Prospecting,14504.77,141267,1685,83
2025-11-10,Meta - Finance Basics Awareness,14994.07,345761,3193,112
2025-11-10,Meta - Website Retargeting,15271.76,126757,1177,100
2025-11-11,Meta - Digital Marketing Prospecting,14129.23,160548,1814,84
2025-11-11,Meta - Finance Basics Awareness,14550.35,360547,2976,79
2025-11-11,Meta - Website Retargeting,14833.32,98672,1080,84
2025-11-12,Meta - Digital Marketing Prospecting,14752.06,196091,1945,106
2025-11-12,Meta - Finance Basics Awareness,15264.8,385185,3432,96
2025-11-12,Meta - Website Retargeting,14732.92,120276,1193,95
2025-11-13,Meta - Digital Marketing Prospecting,14206.01,161055,1500,75
2025-11-13,Meta - Finance Basics Awareness,14784.65,318937,2992,71
2025-11-13,Meta - Website Retargeting,15471.78,111777,1216,76
2025-11-14,Meta - Digital Marketing Prospecting,15610.74,160132,1666,89
2025-11-14,Meta - Finance Basics Awareness,14580.01,372897,3145,106
2025-11-14,Meta - Website Retargeting,15457.36,98428,1152,94
2025-11-15,Meta - Digital Marketing Prospecting,16637.06,194181,1966,114
2025-11-15,Meta - Finance Basics Awareness,15675.05,408022,3499,114
2025-11-15,Meta - Website Retargeting,16563.85,133842,1447,123
2025-11-16,Meta - Digital Marketing Prospecting,15894.25,186157,1969,108
2025-11-16,Meta - Finance Basics Awareness,16173.67,350050,3371,78
2025-11-16,Meta - Website Retargeting,16757.61,109774,1272,96
2025-11-17,Meta - Digital Marketing Prospecting,15210.28,155414,1746,91
2025-11-17,Meta - Finance Basics Awareness,14276.73,305080,3129,87
2025-11-17,Meta - Website Retargeting,14673.17,97324,1030,70
2025-11-18,Meta - Digital Marketing Prospecting,14775.83,156654,1705,94
2025-11-18,Meta - Finance Basics Awareness,14915.53,285526,3004,90
2025-11-18,Meta - Website Retargeting,14594.21,108103,1093,78
2025-11-19,Meta - Digital Marketing Prospecting,15033.87,144768,1719,82
2025-11-19,Meta - Finance Basics Awareness,15914.69,386614,3359,88
2025-11-19,Meta - Website Retargeting,15612.54,108176,1142,77
2025-11-20,Meta - Digital Marketing Prospecting,15518.68,157113,1750,101
2025-11-20,Meta - Finance Basics Awareness,14408.16,406565,3140,99
2025-11-20,Meta - Website Retargeting,15596.81,110858,1250,79
2025-11-21,Meta - Digital Marketing Prospecting,15919.36,175893,1937,115
2025-11-21,Meta - Finance Basics Awareness,16120.61,418057,3497,100
2025-11-21,Meta - Website Retargeting,14883.21,104838,1192,84
2025-11-22,Meta - Digital Marketing Prospecting,16885.75,149852,1836,89
2025-11-22,Meta - Finance Basics Awareness,16812.94,405564,3378,97
2025-11-22,Meta - Website Retargeting,17010.6,120854,1276,119
2025-11-23,Meta - Digital Marketing Prospecting,16041.53,168673,1813,84
2025-11-23,Meta - Finance Basics Awareness,16178.61,387182,3058,83
2025-11-23,Meta - Website Retargeting,16840.46,129552,1346,115
2025-11-24,Meta - Digital Marketing Prospecting,14245.12,170555,1735,96
2025-11-24,Meta - Finance Basics Awareness,14365.81,346453,3053,87
2025-11-24,Meta - Website Retargeting,14176.13,92573,1042,85
2025-11-25,Meta - Digital Marketing Prospecting,15184.32,147221,1678,74
2025-11-25,Meta - Finance Basics Awareness,14427.33,338632,2809,110
2025-11-25,Meta - Website Retargeting,14453.46,102038,1152,88
2025-11-26,Meta - Digital Marketing Prospecting,15617.71,179288,1700,90
2025-11-26,Meta - Finance Basics Awareness,14874.33,329996,3115,99
2025-11-26,Meta - Website Retargeting,16143.77,120520,1213,111
2025-11-27,Meta - Digital Marketing Prospecting,15661.95,137386,1638,88
2025-11-27,Meta - Finance Basics Awareness,14533.9,353719,2951,86
2025-11-27,Meta - Website Retargeting,15314.99,114818,1251,90
2025-11-28,Meta - Digital Marketing Prospecting,15729.15,196060,1880,102
2025-11-28,Meta - Finance Basics Awareness,15331.91,356638,3411,103
2025-11-28,Meta - Website Retargeting,13985.59,97052,1085,100
2025-11-29,Meta - Digital Marketing Prospecting,16021.37,158550,1828,121
2025-11-29,Meta - Finance Basics Awareness,16469.94,408327,3477,107
2025-11-29,Meta - Website Retargeting,16773.51,141328,1414,112
2025-11-30,Meta - Digital Marketing Prospecting,15915.61,158655,1843,84
2025-11-30,Meta - Finance Basics Awareness,15932.17,408529,3438,116
2025-11-30,Meta - Website Retargeting,16517.53,119000,1340,109
2025-12-01,Meta - Digital Marketing Prospecting,14317.23,152527,1640,100
2025-12-01,Meta - Finance Basics Awareness,13321.13,327989,3204,108
2025-12-01,Meta - Website Retargeting,12505.71,82623,931,84
2025-12-02,Meta - Digital Marketing Prospecting,13412.01,150226,1660,94
2025-12-02,Meta - Finance Basics Awareness,13904.79,348172,3116,81
2025-12-02,Meta - Website Retargeting,12745.19,94111,1036,90
2025-12-03,Meta - Digital Marketing Prospecting,13180.9,165331,1753,86
2025-12-03,Meta - Finance Basics Awareness,13535.84,260494,2349,83
2025-12-03,Meta - Website Retargeting,13730.72,118069,1177,89
2025-12-04,Meta - Digital Marketing Prospecting,13266.95,129505,1526,76
2025-12-04,Meta - Finance Basics Awareness,14104.71,381730,2989,100
2025-12-04,Meta - Website Retargeting,13180.19,96927,1014,77
2025-12-05,Meta - Digital Marketing Prospecting,14384.54,145798,1653,81
2025-12-05,Meta - Finance Basics Awareness,13466.03,374121,3032,88
2025-12-05,Meta - Website Retargeting,13093.63,101242,1131,84
2025-12-06,Meta - Digital Marketing Prospecting,14509.39,162564,1967,89
2025-12-06,Meta - Finance Basics Awareness,15058.98,371856,3036,89
2025-12-06,Meta - Website Retargeting,15004.66,106855,1123,79
2025-12-07,Meta - Digital Marketing Prospecting,15117.01,177914,2034,117
2025-12-07,Meta - Finance Basics Awareness,15888.66,373325,3107,115
2025-12-07,Meta - Website Retargeting,15270.13,128911,1296,107
2025-12-08,Meta - Digital Marketing Prospecting,13489.21,135134,1458,71
2025-12-08,Meta - Finance Basics Awareness,13247.34,285113,2875,85
2025-12-08,Meta - Website Retargeting,12879.54,97007,1028,90
2025-12-09,Meta - Digital Marketing Prospecting,13551.26,156357,1774,104
2025-12-09,Meta - Finance Basics Awareness,13307.22,293070,2777,75
2025-12-09,Meta - Website Retargeting,13299.42,94224,1122,106
2025-12-10,Meta - Digital Marketing Prospecting,13621.13,144119,1503,67
2025-12-10,Meta - Finance Basics Awareness,13274.53,310310,2874,79
2025-12-10,Meta - Website Retargeting,13427.37,92914,1123,80
2025-12-11,Meta - Digital Marketing Prospecting,13055.64,158881,1615,95
2025-12-11,Meta - Finance Basics Awareness,13116.54,335594,2829,72
2025-12-11,Meta - Website Retargeting,13573.2,96094,1085,82
2025-12-12,Meta - Digital Marketing Prospecting,13929.35,181282,1756,93
2025-12-12,Meta - Finance Basics Awareness,13630.66,314770,2830,89
2025-12-12,Meta - Website Retargeting,13920.46,100770,1140,88
2025-12-13,Meta - Digital Marketing Prospecting,14418.96,161755,1850,95
2025-12-13,Meta - Finance Basics Awareness,15171.74,347841,3058,83
2025-12-13,Meta - Website Retargeting,15582.21,126255,1317,111
2025-12-14,Meta - Digital Marketing Prospecting,14327.84,162136,1579,109
2025-12-14,Meta - Finance Basics Awareness,15004.54,295183,2826,98
2025-12-14,Meta - Website Retargeting,15648.45,137417,1258,109
2025-12-15,Meta - Digital Marketing Prospecting,13003.14,126487,1590,86
2025-12-15,Meta - Finance Basics Awareness,13176.4,299790,2687,77
2025-12-15,Meta - Website Retargeting,14218.06,97375,1165,101
2025-12-16,Meta - Digital Marketing Prospecting,13827.06,162473,1797,85
2025-12-16,Meta - Finance Basics Awareness,13809.82,399143,3296,113
2025-12-16,Meta - Website Retargeting,14009.66,86403,1023,93
2025-12-17,Meta - Digital Marketing Prospecting,13933.73,156616,1596,86
2025-12-17,Meta - Finance Basics Awareness,13889.73,335826,2854,77
2025-12-17,Meta - Website Retargeting,14508.89,97378,1062,83
2025-12-18,Meta - Digital Marketing Prospecting,14573.78,163557,1714,97
2025-12-18,Meta - Finance Basics Awareness,13319.77,303505,2831,91
2025-12-18,Meta - Website Retargeting,14288.54,98515,1047,83
2025-12-19,Meta - Digital Marketing Prospecting,13689.63,139660,1584,81
2025-12-19,Meta - Finance Basics Awareness,13761.44,368152,3026,80
2025-12-19,Meta - Website Retargeting,13344.99,101836,1094,77
2025-12-20,Meta - Digital Marketing Prospecting,15151.7,170994,1680,94
2025-12-20,Meta - Finance Basics Awareness,14453.73,336737,3115,107
2025-12-20,Meta - Website Retargeting,14664.12,96577,1131,84
2025-12-21,Meta - Digital Marketing Prospecting,14181.26,172483,1888,103
2025-12-21,Meta - Finance Basics Awareness,15603.75,415806,3418,91
2025-12-21,Meta - Website Retargeting,13918.04,80703,979,82
2025-12-22,Meta - Digital Marketing Prospecting,13565.43,136953,1451,72
2025-12-22,Meta - Finance Basics Awareness,14228.12,318239,2764,77
2025-12-22,Meta - Website Retargeting,12887.69,84977,924,58
2025-12-23,Meta - Digital Marketing Prospecting,13740.12,147803,1721,83
2025-12-23,Meta - Finance Basics Awareness,14567.17,346643,3232,98
2025-12-23,Meta - Website Retargeting,12844.67,96457,987,74
2025-12-24,Meta - Digital Marketing Prospecting,15550.09,188975,2132,104
2025-12-24,Meta - Finance Basics Awareness,13289.03,329834,2602,72
2025-12-24,Meta - Website Retargeting,13446.12,111670,1152,69
2025-12-25,Meta - Digital Marketing Prospecting,12549.72,141460,1566,73
2025-12-25,Meta - Finance Basics Awareness,12993.54,307298,2770,73
2025-12-25,Meta - Website Retargeting,12906.17,93714,1210,76
2025-12-26,Meta - Digital Marketing Prospecting,12996.48,115407,1487,84
2025-12-26,Meta - Finance Basics Awareness,12879.6,320800,2605,59
2025-12-26,Meta - Website Retargeting,13968.08,86853,1112,87
2025-12-27,Meta - Digital Marketing Prospecting,15630.61,200629,2148,113
2025-12-27,Meta - Finance Basics Awareness,15627.7,356560,3305,96
2025-12-27,Meta - Website Retargeting,14684.37,99452,1089,82
2025-12-28,Meta - Digital Marketing Prospecting,15464.04,184435,1877,113
2025-12-28,Meta - Finance Basics Awareness,14957.5,364459,3112,88
2025-12-28,Meta - Website Retargeting,13863.02,106202,1049,77
2025-12-29,Meta - Digital Marketing Prospecting,13612.38,128893,1537,76
2025-12-29,Meta - Finance Basics Awareness,14148.94,335012,3064,76
2025-12-29,Meta - Website Retargeting,13857.5,111726,1154,80
2025-12-30,Meta - Digital Marketing Prospecting,13496.16,153942,1608,78
2025-12-30,Meta - Finance Basics Awareness,13489.35,342926,2930,71
2025-12-30,Meta - Website Retargeting,14136.17,116647,1179,81
2025-12-31,Meta - Digital Marketing Prospecting,12948.8,147293,1491,79
2025-12-31,Meta - Finance Basics Awareness,13250.79,293069,2481,63
2025-12-31,Meta - Website Retargeting,14190.56,93122,1094,68
2026-01-01,Meta - Digital Marketing Prospecting,20111.97,205506,2503,145
2026-01-01,Meta - Finance Basics Awareness,21171.07,509301,4642,186
2026-01-01,Meta - Website Retargeting,19440.13,145656,1548,114
2026-01-02,Meta - Digital Marketing Prospecting,18940.52,218127,2119,99
2026-01-02,Meta - Finance Basics Awareness,19529.66,491944,3966,128
2026-01-02,Meta - Website Retargeting,19319.53,144201,1537,113
2026-01-03,Meta - Digital Marketing Prospecting,21080.64,243950,2349,148
2026-01-03,Meta - Finance Basics Awareness,20830.54,490586,4407,140
2026-01-03,Meta - Website Retargeting,22953.0,164463,1756,177
2026-01-04,Meta - Digital Marketing Prospecting,22264.61,207995,2521,150
2026-01-04,Meta - Finance Basics Awareness,21148.12,451613,4285,137
2026-01-04,Meta - Website Retargeting,20716.28,134768,1464,136
2026-01-05,Meta - Digital Marketing Prospecting,19866.86,209040,2208,119
2026-01-05,Meta - Finance Basics Awareness,20413.08,438880,3809,116
2026-01-05,Meta - Website Retargeting,19448.13,145231,1598,139
2026-01-06,Meta - Digital Marketing Prospecting,20553.78,212004,2480,164
2026-01-06,Meta - Finance Basics Awareness,18290.71,436636,3659,123
2026-01-06,Meta - Website Retargeting,20122.33,158249,1709,124
2026-01-07,Meta - Digital Marketing Prospecting,20838.13,223607,2350,151
2026-01-07,Meta - Finance Basics Awareness,18690.37,477967,3965,140
2026-01-07,Meta - Website Retargeting,19278.2,131072,1325,106
2026-01-08,Meta - Digital Marketing Prospecting,19038.52,202362,2327,126
2026-01-08,Meta - Finance Basics Awareness,20730.98,502765,4359,160
2026-01-08,Meta - Website Retargeting,20510.89,145688,1482,110
2026-01-09,Meta - Digital Marketing Prospecting,20940.59,233680,2341,121
2026-01-09,Meta - Finance Basics Awareness,20129.71,443431,4050,142
2026-01-09,Meta - Website Retargeting,19217.74,155338,1698,173
2026-01-10,Meta - Digital Marketing Prospecting,20346.72,279525,2550,166
2026-01-10,Meta - Finance Basics Awareness,22783.1,515948,4604,149
2026-01-10,Meta - Website Retargeting,21452.49,143169,1611,150
2026-01-11,Meta - Digital Marketing Prospecting,20672.98,215262,2461,154
2026-01-11,Meta - Finance Basics Awareness,22273.24,492926,4648,153
2026-01-11,Meta - Website Retargeting,21862.09,146534,1658,140
2026-01-12,Meta - Digital Marketing Prospecting,19894.96,214029,2382,143
2026-01-12,Meta - Finance Basics Awareness,20247.72,427125,4227,158
2026-01-12,Meta - Website Retargeting,20673.13,158458,1784,138
2026-01-13,Meta - Digital Marketing Prospecting,19868.23,233411,2597,151
2026-01-13,Meta - Finance Basics Awareness,19184.55,462184,4119,133
2026-01-13,Meta - Website Retargeting,18540.64,117153,1353,122
2026-01-14,Meta - Digital Marketing Prospecting,19980.49,260071,2632,160
2026-01-14,Meta - Finance Basics Awareness,19630.77,522225,4342,157
2026-01-14,Meta - Website Retargeting,19580.31,125923,1523,139
2026-01-15,Meta - Digital Marketing Prospecting,18782.08,210416,2279,149
2026-01-15,Meta - Finance Basics Awareness,19245.46,435688,4290,148
2026-01-15,Meta - Website Retargeting,18890.05,159640,1610,164
2026-01-16,Meta - Digital Marketing Prospecting,19456.38,200512,2486,173
2026-01-16,Meta - Finance Basics Awareness,19612.79,437537,3990,137
2026-01-16,Meta - Website Retargeting,19407.18,136027,1589,150
2026-01-17,Meta - Digital Marketing Prospecting,22953.0,240434,2733,194
2026-01-17,Meta - Finance Basics Awareness,21113.07,459729,4457,150
2026-01-17,Meta - Website Retargeting,22295.6,157351,1674,158
2026-01-18,Meta - Digital Marketing Prospecting,21492.92,200638,2241,138
2026-01-18,Meta - Finance Basics Awareness,21561.67,598324,4402,125
2026-01-18,Meta - Website Retargeting,21414.68,145795,1628,156
2026-01-19,Meta - Digital Marketing Prospecting,20050.03,194545,2237,139
2026-01-19,Meta - Finance Basics Awareness,20278.02,509092,4618,164
2026-01-19,Meta - Website Retargeting,19323.97,138917,1423,121
2026-01-20,Meta - Digital Marketing Prospecting,21222.99,205785,2481,152
2026-01-20,Meta - Finance Basics Awareness,18820.99,512149,3842,138
2026-01-20,Meta - Website Retargeting,18667.76,144557,1617,143
2026-01-21,Meta - Digital Marketing Prospecting,19122.96,206301,2147,121
2026-01-21,Meta - Finance Basics Awareness,18959.85,430999,3759,157
2026-01-21,Meta - Website Retargeting,20108.22,143174,1637,145
2026-01-22,Meta - Digital Marketing Prospecting,20399.72,203251,2519,143
2026-01-22,Meta - Finance Basics Awareness,18815.99,456595,4455,147
2026-01-22,Meta - Website Retargeting,19972.84,138802,1552,195
2026-01-23,Meta - Digital Marketing Prospecting,19725.94,221849,2514,157
2026-01-23,Meta - Finance Basics Awareness,19452.43,525016,4380,191
2026-01-23,Meta - Website Retargeting,20192.12,118803,1361,132
2026-01-24,Meta - Digital Marketing Prospecting,22112.47,257419,2706,159
2026-01-24,Meta - Finance Basics Awareness,22568.72,531490,4295,174
2026-01-24,Meta - Website Retargeting,21622.22,148826,1605,163
2026-01-25,Meta - Digital Marketing Prospecting,22880.73,238785,2637,153
2026-01-25,Meta - Finance Basics Awareness,20994.72,460412,4359,187
2026-01-25,Meta - Website Retargeting,20850.64,169515,1759,157
2026-01-26,Meta - Digital Marketing Prospecting,19422.58,220306,2325,128
2026-01-26,Meta - Finance Basics Awareness,18850.63,447787,3736,116
2026-01-26,Meta - Website Retargeting,19624.76,128284,1650,132
2026-01-27,Meta - Digital Marketing Prospecting,19518.08,220883,2231,123
2026-01-27,Meta - Finance Basics Awareness,19620.7,453989,3880,133
2026-01-27,Meta - Website Retargeting,18669.65,148193,1501,156
2026-01-28,Meta - Digital Marketing Prospecting,18866.0,205515,2257,117
2026-01-28,Meta - Finance Basics Awareness,20897.92,465793,4222,147
2026-01-28,Meta - Website Retargeting,18959.92,119456,1385,140
2026-01-29,Meta - Digital Marketing Prospecting,20023.93,271980,2366,134
2026-01-29,Meta - Finance Basics Awareness,19451.96,529545,4418,143
2026-01-29,Meta - Website Retargeting,20101.86,137431,1626,144
2026-01-30,Meta - Digital Marketing Prospecting,19709.24,225478,2423,145
2026-01-30,Meta - Finance Basics Awareness,19622.06,477307,4187,153
2026-01-30,Meta - Website Retargeting,19349.97,171031,1741,164
2026-01-31,Meta - Digital Marketing Prospecting,21422.77,237324,2398,142
2026-01-31,Meta - Finance Basics Awareness,21818.05,503586,4571,178
2026-01-31,Meta - Website Retargeting,22953.0,173755,1904,182
2026-02-01,Meta - Digital Marketing Prospecting,18088.08,177210,2076,143
2026-02-01,Meta - Finance Basics Awareness,18342.79,490904,3709,118
2026-02-01,Meta - Website Retargeting,17368.31,135277,1273,121
2026-02-02,Meta - Digital Marketing Prospecting,17890.84,206741,2050,131
2026-02-02,Meta - Finance Basics Awareness,17724.75,437118,3942,139
2026-02-02,Meta - Website Retargeting,7716.63,73652,705,54
2026-02-03,Meta - Digital Marketing Prospecting,16677.03,188843,2142,136
2026-02-03,Meta - Finance Basics Awareness,15880.94,373515,3233,106
2026-02-03,Meta - Website Retargeting,8687.41,51173,560,45
2026-02-04,Meta - Digital Marketing Prospecting,16680.62,180795,1797,101
2026-02-04,Meta - Finance Basics Awareness,17661.89,402424,3450,112
2026-02-04,Meta - Website Retargeting,8883.83,58711,722,75
2026-02-05,Meta - Digital Marketing Prospecting,17609.56,221945,2343,133
2026-02-05,Meta - Finance Basics Awareness,16788.66,382513,3611,134
2026-02-05,Meta - Website Retargeting,8856.47,57191,690,66
2026-02-06,Meta - Digital Marketing Prospecting,16449.23,159927,1904,105
2026-02-06,Meta - Finance Basics Awareness,18010.23,475982,3993,149
2026-02-06,Meta - Website Retargeting,8771.87,66525,779,69
2026-02-07,Meta - Digital Marketing Prospecting,18483.5,233792,2306,122
2026-02-07,Meta - Finance Basics Awareness,18760.77,422478,3522,125
2026-02-07,Meta - Website Retargeting,17419.04,120306,1307,103
2026-02-08,Meta - Digital Marketing Prospecting,18436.75,205747,2154,137
2026-02-08,Meta - Finance Basics Awareness,18292.52,461705,4078,149
2026-02-08,Meta - Website Retargeting,18060.41,148789,1393,123
2026-02-09,Meta - Digital Marketing Prospecting,17434.05,196570,2260,52
2026-02-09,Meta - Finance Basics Awareness,18101.97,587106,4242,118
2026-02-09,Meta - Website Retargeting,16791.5,104216,1270,103
2026-02-10,Meta - Digital Marketing Prospecting,16687.08,189407,2103,54
2026-02-10,Meta - Finance Basics Awareness,17172.24,388862,3463,126
2026-02-10,Meta - Website Retargeting,16158.32,114077,1270,96
2026-02-11,Meta - Digital Marketing Prospecting,16641.66,172384,2000,62
2026-02-11,Meta - Finance Basics Awareness,15675.15,375743,3521,125
2026-02-11,Meta - Website Retargeting,15374.15,121045,1310,103
2026-02-12,Meta - Digital Marketing Prospecting,17293.8,167203,1970,43
2026-02-12,Meta - Finance Basics Awareness,17096.28,459293,3719,115
2026-02-12,Meta - Website Retargeting,18339.58,138442,1591,138
2026-02-13,Meta - Digital Marketing Prospecting,15298.57,153781,1736,42
2026-02-13,Meta - Finance Basics Awareness,16229.47,368419,3194,100
2026-02-13,Meta - Website Retargeting,16448.86,106239,1327,116
2026-02-14,Meta - Digital Marketing Prospecting,19765.2,272725,2585,63
2026-02-14,Meta - Finance Basics Awareness,18225.57,479340,4125,146
2026-02-14,Meta - Website Retargeting,18690.22,133640,1407,111
2026-02-15,Meta - Digital Marketing Prospecting,17377.09,160729,1900,45
2026-02-15,Meta - Finance Basics Awareness,17932.56,379473,3578,121
2026-02-15,Meta - Website Retargeting,18341.15,119087,1390,125
2026-02-16,Meta - Digital Marketing Prospecting,16743.17,183266,2226,74
2026-02-16,Meta - Finance Basics Awareness,17662.08,390806,3555,120
2026-02-16,Meta - Website Retargeting,17075.44,109523,1267,101
2026-02-17,Meta - Digital Marketing Prospecting,16024.27,174900,1910,54
2026-02-17,Meta - Finance Basics Awareness,17860.9,437322,3947,122
2026-02-17,Meta - Website Retargeting,16215.04,111772,1335,106
2026-02-18,Meta - Digital Marketing Prospecting,16971.58,176776,2058,56
2026-02-18,Meta - Finance Basics Awareness,17189.22,472803,3677,98
2026-02-18,Meta - Website Retargeting,17421.39,130314,1426,97
2026-02-19,Meta - Digital Marketing Prospecting,17822.88,183264,2088,48
2026-02-19,Meta - Finance Basics Awareness,16584.16,335120,3364,123
2026-02-19,Meta - Website Retargeting,16915.71,119260,1445,115
2026-02-20,Meta - Digital Marketing Prospecting,17674.54,189892,2027,44
2026-02-20,Meta - Finance Basics Awareness,16050.54,394799,3454,106
2026-02-20,Meta - Website Retargeting,17513.79,115492,1294,85
2026-02-21,Meta - Digital Marketing Prospecting,18776.52,172757,2207,50
2026-02-21,Meta - Finance Basics Awareness,19439.39,433472,3955,126
2026-02-21,Meta - Website Retargeting,18762.59,110341,1457,155
2026-02-22,Meta - Digital Marketing Prospecting,18563.46,218083,2294,74
2026-02-22,Meta - Finance Basics Awareness,17681.25,431748,3832,134
2026-02-22,Meta - Website Retargeting,17830.06,138771,1365,126
2026-02-23,Meta - Digital Marketing Prospecting,16056.61,172864,1940,84
2026-02-23,Meta - Finance Basics Awareness,15920.06,395246,3632,118
2026-02-23,Meta - Website Retargeting,17406.41,132667,1404,94
2026-02-24,Meta - Digital Marketing Prospecting,17031.07,173767,2062,101
2026-02-24,Meta - Finance Basics Awareness,16325.63,388024,3444,86
2026-02-24,Meta - Website Retargeting,17899.43,149468,1481,108
2026-02-25,Meta - Digital Marketing Prospecting,16883.45,191481,1883,98
2026-02-25,Meta - Finance Basics Awareness,17331.88,435368,3701,129
2026-02-25,Meta - Website Retargeting,16722.4,144786,1455,111
2026-02-26,Meta - Digital Marketing Prospecting,17362.51,208576,2173,102
2026-02-26,Meta - Finance Basics Awareness,16323.45,337655,3328,111
2026-02-26,Meta - Website Retargeting,16298.34,123560,1323,110
2026-02-27,Meta - Digital Marketing Prospecting,17052.4,170556,2025,102
2026-02-27,Meta - Finance Basics Awareness,17823.6,429190,3828,129
2026-02-27,Meta - Website Retargeting,16531.78,99734,1227,102
2026-02-28,Meta - Digital Marketing Prospecting,18879.56,211399,2374,131
2026-02-28,Meta - Finance Basics Awareness,19566.2,479443,3877,105
2026-02-28,Meta - Website Retargeting,19134.46,161062,1632,147
2026-03-01,Meta - Digital Marketing Prospecting,17739.55,165451,2073,105
2026-03-01,Meta - Finance Basics Awareness,17610.77,398143,3763,125
2026-03-01,Meta - Website Retargeting,16881.78,101568,1182,99
2026-03-02,Meta - Digital Marketing Prospecting,16098.51,173112,1856,96
2026-03-02,Meta - Finance Basics Awareness,15155.83,420047,3500,107
2026-03-02,Meta - Website Retargeting,15576.44,86117,1110,91
2026-03-03,Meta - Digital Marketing Prospecting,15142.88,179091,1905,106
2026-03-03,Meta - Finance Basics Awareness,15535.93,392606,3480,101
2026-03-03,Meta - Website Retargeting,16645.43,111149,1254,96
2026-03-04,Meta - Digital Marketing Prospecting,15593.57,150103,1731,79
2026-03-04,Meta - Finance Basics Awareness,16176.9,387366,3164,97
2026-03-04,Meta - Website Retargeting,14978.95,110146,1216,122
2026-03-05,Meta - Digital Marketing Prospecting,15515.04,183534,1823,84
2026-03-05,Meta - Finance Basics Awareness,17291.35,418033,3788,142
2026-03-05,Meta - Website Retargeting,15217.23,121941,1228,103
2026-03-06,Meta - Digital Marketing Prospecting,16063.14,175439,2032,97
2026-03-06,Meta - Finance Basics Awareness,15485.37,363737,3337,82
2026-03-06,Meta - Website Retargeting,15235.52,112114,1275,100
2026-03-07,Meta - Digital Marketing Prospecting,17715.04,182732,1993,118
2026-03-07,Meta - Finance Basics Awareness,17514.72,360450,3425,108
2026-03-07,Meta - Website Retargeting,16752.4,118621,1340,127
2026-03-08,Meta - Digital Marketing Prospecting,17824.99,177467,2194,135
2026-03-08,Meta - Finance Basics Awareness,17308.94,350362,3201,90
2026-03-08,Meta - Website Retargeting,17406.3,142001,1389,109
2026-03-09,Meta - Digital Marketing Prospecting,14777.4,137452,1621,96
2026-03-09,Meta - Finance Basics Awareness,15448.02,297884,3022,88
2026-03-09,Meta - Website Retargeting,15226.52,100356,1132,102
2026-03-10,Meta - Digital Marketing Prospecting,17107.34,193254,2052,84
2026-03-10,Meta - Finance Basics Awareness,16104.5,361803,3427,106
2026-03-10,Meta - Website Retargeting,15808.6,109053,1315,97
2026-03-11,Meta - Digital Marketing Prospecting,16245.78,176728,1912,105
2026-03-11,Meta - Finance Basics Awareness,16706.44,389189,3717,99
2026-03-11,Meta - Website Retargeting,16759.04,110460,1243,100
2026-03-12,Meta - Digital Marketing Prospecting,15498.37,176688,1953,92
2026-03-12,Meta - Finance Basics Awareness,15630.94,433807,3558,112
2026-03-12,Meta - Website Retargeting,15851.58,100963,1241,94
2026-03-13,Meta - Digital Marketing Prospecting,15288.08,118567,1589,97
2026-03-13,Meta - Finance Basics Awareness,15951.04,402999,3162,88
2026-03-13,Meta - Website Retargeting,15537.7,103206,1250,101
2026-03-14,Meta - Digital Marketing Prospecting,17503.95,235596,2180,101
2026-03-14,Meta - Finance Basics Awareness,17246.23,458431,3730,121
2026-03-14,Meta - Website Retargeting,17600.56,161300,1462,113
2026-03-15,Meta - Digital Marketing Prospecting,17204.44,161032,1982,91
2026-03-15,Meta - Finance Basics Awareness,16600.52,479150,3756,115
2026-03-15,Meta - Website Retargeting,17512.57,102139,1438,101
2026-03-16,Meta - Digital Marketing Prospecting,16210.35,187645,2166,93
2026-03-16,Meta - Finance Basics Awareness,16343.73,356939,3357,99
2026-03-16,Meta - Website Retargeting,15957.52,119319,1281,120
2026-03-17,Meta - Digital Marketing Prospecting,16188.31,201049,1923,95
2026-03-17,Meta - Finance Basics Awareness,15360.68,404867,3244,96
2026-03-17,Meta - Website Retargeting,14718.58,133684,1369,106
2026-03-18,Meta - Digital Marketing Prospecting,16049.52,191224,1939,90
2026-03-18,Meta - Finance Basics Awareness,15591.34,325246,3071,83
2026-03-18,Meta - Website Retargeting,14704.03,102531,1165,112
2026-03-19,Meta - Digital Marketing Prospecting,14982.69,157124,1750,120
2026-03-19,Meta - Finance Basics Awareness,15801.43,370336,3263,96
2026-03-19,Meta - Website Retargeting,16388.49,150760,1352,121
2026-03-20,Meta - Digital Marketing Prospecting,14825.56,178608,1806,107
2026-03-20,Meta - Finance Basics Awareness,16068.5,410512,3688,99
2026-03-20,Meta - Website Retargeting,14612.38,93775,1030,83
2026-03-21,Meta - Digital Marketing Prospecting,17832.0,186489,2168,126
2026-03-21,Meta - Finance Basics Awareness,16926.44,395944,3449,126
2026-03-21,Meta - Website Retargeting,15517.6,90212,1155,75
2026-03-22,Meta - Digital Marketing Prospecting,17309.38,180365,2080,107
2026-03-22,Meta - Finance Basics Awareness,15959.68,353841,3255,98
2026-03-22,Meta - Website Retargeting,16898.89,129697,1269,102
2026-03-23,Meta - Digital Marketing Prospecting,14878.25,165381,1731,102
2026-03-23,Meta - Finance Basics Awareness,16139.2,363067,3594,116
2026-03-23,Meta - Website Retargeting,15373.87,104147,1078,92
2026-03-24,Meta - Digital Marketing Prospecting,16048.6,200452,2061,113
2026-03-24,Meta - Finance Basics Awareness,15913.92,384606,3436,149
2026-03-24,Meta - Website Retargeting,15386.08,123003,1259,98
2026-03-25,Meta - Digital Marketing Prospecting,14534.99,153828,1707,90
2026-03-25,Meta - Finance Basics Awareness,14639.22,346797,3370,90
2026-03-25,Meta - Website Retargeting,16788.47,137895,1426,110
2026-03-26,Meta - Digital Marketing Prospecting,15793.41,198051,1928,117
2026-03-26,Meta - Finance Basics Awareness,15825.04,459720,3839,98
2026-03-26,Meta - Website Retargeting,14745.07,94965,1148,99
2026-03-27,Meta - Digital Marketing Prospecting,16003.52,167962,1878,83
2026-03-27,Meta - Finance Basics Awareness,16639.95,428011,3557,109
2026-03-27,Meta - Website Retargeting,15391.77,129823,1231,99
2026-03-28,Meta - Digital Marketing Prospecting,17166.33,174641,1794,121
2026-03-28,Meta - Finance Basics Awareness,16939.38,499932,3996,130
2026-03-28,Meta - Website Retargeting,17461.64,129909,1415,104
2026-03-29,Meta - Digital Marketing Prospecting,17273.92,194681,2052,129
2026-03-29,Meta - Finance Basics Awareness,18139.01,502574,4487,156
2026-03-29,Meta - Website Retargeting,17084.1,131698,1448,131
2026-03-30,Meta - Digital Marketing Prospecting,16387.67,186484,1922,117
2026-03-30,Meta - Finance Basics Awareness,14776.28,312006,2783,87
2026-03-30,Meta - Website Retargeting,13877.28,112117,1087,81
2026-03-31,Meta - Digital Marketing Prospecting,15153.44,146555,1760,87
2026-03-31,Meta - Finance Basics Awareness,16492.87,412662,3302,92
2026-03-31,Meta - Website Retargeting,14787.03,118089,1346,100
2026-04-01,Meta - Digital Marketing Prospecting,16231.14,165820,1864,100
2026-04-01,Meta - Finance Basics Awareness,17367.8,442720,3858,102
2026-04-01,Meta - Website Retargeting,16947.18,110247,1289,97
2026-04-02,Meta - Digital Marketing Prospecting,15817.04,164191,1709,75
2026-04-02,Meta - Finance Basics Awareness,17098.33,448214,3780,101
2026-04-02,Meta - Website Retargeting,15145.85,99767,1145,93
2026-04-03,Meta - Digital Marketing Prospecting,17360.16,192684,2190,107
2026-04-03,Meta - Finance Basics Awareness,16751.94,429689,3765,120
2026-04-03,Meta - Website Retargeting,16728.78,111696,1261,100
2026-04-04,Meta - Digital Marketing Prospecting,18075.25,185005,2199,122
2026-04-04,Meta - Finance Basics Awareness,18868.78,421138,4026,132
2026-04-04,Meta - Website Retargeting,17086.84,122088,1372,118
2026-04-05,Meta - Digital Marketing Prospecting,16820.55,165256,1808,107
2026-04-05,Meta - Finance Basics Awareness,18217.83,475121,4179,125
2026-04-05,Meta - Website Retargeting,19004.34,141950,1636,129
2026-04-06,Meta - Digital Marketing Prospecting,16604.33,175452,2020,92
2026-04-06,Meta - Finance Basics Awareness,15984.12,366490,3339,107
2026-04-06,Meta - Website Retargeting,16003.71,100212,1179,88
2026-04-07,Meta - Digital Marketing Prospecting,18427.9,194851,2155,107
2026-04-07,Meta - Finance Basics Awareness,16541.43,350975,3205,107
2026-04-07,Meta - Website Retargeting,16989.79,130677,1424,116
2026-04-08,Meta - Digital Marketing Prospecting,15818.83,184165,2007,116
2026-04-08,Meta - Finance Basics Awareness,17158.19,403865,3628,122
2026-04-08,Meta - Website Retargeting,17436.67,115572,1267,116
2026-04-09,Meta - Digital Marketing Prospecting,16198.16,213777,2044,101
2026-04-09,Meta - Finance Basics Awareness,15751.05,418961,3503,101
2026-04-09,Meta - Website Retargeting,15803.04,114003,1240,95
2026-04-10,Meta - Digital Marketing Prospecting,16336.67,185781,1873,106
2026-04-10,Meta - Finance Basics Awareness,16178.24,338051,3290,104
2026-04-10,Meta - Website Retargeting,16656.1,115791,1319,109
2026-04-11,Meta - Digital Marketing Prospecting,18874.95,187841,2108,127
2026-04-11,Meta - Finance Basics Awareness,17583.72,441938,3716,121
2026-04-11,Meta - Website Retargeting,18220.61,142540,1604,148
2026-04-12,Meta - Digital Marketing Prospecting,18951.68,226015,2432,137
2026-04-12,Meta - Finance Basics Awareness,18426.61,471868,3972,118
2026-04-12,Meta - Website Retargeting,18372.34,129455,1438,110
2026-04-13,Meta - Digital Marketing Prospecting,15848.07,165410,1835,103
2026-04-13,Meta - Finance Basics Awareness,16204.9,339491,3294,111
2026-04-13,Meta - Website Retargeting,16826.07,114161,1379,121
2026-04-14,Meta - Digital Marketing Prospecting,16626.03,170262,1972,111
2026-04-14,Meta - Finance Basics Awareness,16805.22,394872,3484,114
2026-04-14,Meta - Website Retargeting,16772.97,118573,1263,83
2026-04-15,Meta - Digital Marketing Prospecting,16633.6,176515,1973,96
2026-04-15,Meta - Finance Basics Awareness,17144.31,450895,3521,123
2026-04-15,Meta - Website Retargeting,16744.18,138193,1398,126
2026-04-16,Meta - Digital Marketing Prospecting,15703.54,159166,1659,92
2026-04-16,Meta - Finance Basics Awareness,17190.68,374306,3348,93
2026-04-16,Meta - Website Retargeting,16199.58,119582,1240,109
2026-04-17,Meta - Digital Marketing Prospecting,15690.52,175788,1910,99
2026-04-17,Meta - Finance Basics Awareness,16293.76,435687,3330,92
2026-04-17,Meta - Website Retargeting,15509.67,97348,1155,79
2026-04-18,Meta - Digital Marketing Prospecting,18994.31,181780,2150,119
2026-04-18,Meta - Finance Basics Awareness,17966.08,424762,3885,138
2026-04-18,Meta - Website Retargeting,18652.7,149208,1464,124
2026-04-19,Meta - Digital Marketing Prospecting,18573.81,235430,2241,126
2026-04-19,Meta - Finance Basics Awareness,17985.37,359142,3500,110
2026-04-19,Meta - Website Retargeting,18791.82,149591,1594,149
2026-04-20,Meta - Digital Marketing Prospecting,16989.43,168852,1916,99
2026-04-20,Meta - Finance Basics Awareness,16345.67,405484,3356,84
2026-04-20,Meta - Website Retargeting,16835.48,116783,1283,105
2026-04-21,Meta - Digital Marketing Prospecting,17077.69,181224,2162,125
2026-04-21,Meta - Finance Basics Awareness,16947.46,388970,3444,105
2026-04-21,Meta - Website Retargeting,17015.71,138828,1412,116
2026-04-22,Meta - Digital Marketing Prospecting,17801.73,204705,2136,98
2026-04-22,Meta - Finance Basics Awareness,16867.33,367263,3625,104
2026-04-22,Meta - Website Retargeting,16146.87,153892,1621,143
2026-04-23,Meta - Digital Marketing Prospecting,16234.68,159610,1871,85
2026-04-23,Meta - Finance Basics Awareness,17429.15,400622,3670,121
2026-04-23,Meta - Website Retargeting,16975.88,120343,1372,108
2026-04-24,Meta - Digital Marketing Prospecting,17329.85,194148,2306,133
2026-04-24,Meta - Finance Basics Awareness,16560.61,392068,3387,111
2026-04-24,Meta - Website Retargeting,17635.09,138185,1464,108
2026-04-25,Meta - Digital Marketing Prospecting,18501.45,178611,2205,152
2026-04-25,Meta - Finance Basics Awareness,17834.67,408250,3811,132
2026-04-25,Meta - Website Retargeting,18818.29,120221,1420,121
2026-04-26,Meta - Digital Marketing Prospecting,17947.25,159042,2016,124
2026-04-26,Meta - Finance Basics Awareness,19177.0,397495,3790,121
2026-04-26,Meta - Website Retargeting,18521.25,134057,1383,115
2026-04-27,Meta - Digital Marketing Prospecting,16131.25,189719,2057,131
2026-04-27,Meta - Finance Basics Awareness,17682.03,423634,3782,111
2026-04-27,Meta - Website Retargeting,16172.09,121925,1250,100
2026-04-28,Meta - Digital Marketing Prospecting,15683.41,191556,1895,102
2026-04-28,Meta - Finance Basics Awareness,15415.53,396036,3264,101
2026-04-28,Meta - Website Retargeting,15735.61,111277,1299,104
2026-04-29,Meta - Digital Marketing Prospecting,16704.14,179007,1926,103
2026-04-29,Meta - Finance Basics Awareness,16866.47,508881,4380,148
2026-04-29,Meta - Website Retargeting,18041.07,134690,1514,132
2026-04-30,Meta - Digital Marketing Prospecting,15942.39,168492,1932,118
2026-04-30,Meta - Finance Basics Awareness,15889.6,417949,3214,101
2026-04-30,Meta - Website Retargeting,16259.99,136926,1368,104
2026-05-01,Meta - Digital Marketing Prospecting,19636.13,214009,2376,140
2026-05-01,Meta - Finance Basics Awareness,19630.84,434515,4239,132
2026-05-01,Meta - Website Retargeting,18449.93,130751,1461,128
2026-05-02,Meta - Digital Marketing Prospecting,21816.14,229047,2483,157
2026-05-02,Meta - Finance Basics Awareness,21090.25,545258,4997,190
2026-05-02,Meta - Website Retargeting,20644.42,148770,1669,139
2026-05-03,Meta - Digital Marketing Prospecting,21799.85,250135,2492,142
2026-05-03,Meta - Finance Basics Awareness,20711.07,482478,4333,174
2026-05-03,Meta - Website Retargeting,21478.74,145801,1796,150
2026-05-04,Meta - Digital Marketing Prospecting,19370.75,202059,2488,137
2026-05-04,Meta - Finance Basics Awareness,19795.0,461810,4194,147
2026-05-04,Meta - Website Retargeting,19624.14,136678,1629,160
2026-05-05,Meta - Digital Marketing Prospecting,21227.08,237266,2381,133
2026-05-05,Meta - Finance Basics Awareness,19161.79,440809,4289,131
2026-05-05,Meta - Website Retargeting,19468.25,175951,1661,146
2026-05-06,Meta - Digital Marketing Prospecting,20513.17,169073,2113,132
2026-05-06,Meta - Finance Basics Awareness,19757.9,477513,4273,148
2026-05-06,Meta - Website Retargeting,19776.23,148851,1616,152
2026-05-07,Meta - Digital Marketing Prospecting,18266.19,207571,2232,158
2026-05-07,Meta - Finance Basics Awareness,20471.59,551174,4546,125
2026-05-07,Meta - Website Retargeting,19659.31,135987,1451,108
2026-05-08,Meta - Digital Marketing Prospecting,19689.44,221769,2372,143
2026-05-08,Meta - Finance Basics Awareness,20251.98,451807,4075,119
2026-05-08,Meta - Website Retargeting,19366.11,147933,1618,149
2026-05-09,Meta - Digital Marketing Prospecting,21894.6,246559,2754,175
2026-05-09,Meta - Finance Basics Awareness,21696.76,470129,4172,140
2026-05-09,Meta - Website Retargeting,19980.14,154104,1635,136
2026-05-10,Meta - Digital Marketing Prospecting,21233.56,240716,2487,149
2026-05-10,Meta - Finance Basics Awareness,22654.8,555770,4848,168
2026-05-10,Meta - Website Retargeting,20294.63,164592,1665,174
2026-05-11,Meta - Digital Marketing Prospecting,18061.35,206210,2297,112
2026-05-11,Meta - Finance Basics Awareness,19852.24,534849,4422,164
2026-05-11,Meta - Website Retargeting,19410.82,156591,1529,120
2026-05-12,Meta - Digital Marketing Prospecting,18822.8,204446,2169,161
2026-05-12,Meta - Finance Basics Awareness,18865.91,519146,4132,136
2026-05-12,Meta - Website Retargeting,20349.02,145230,1590,126
2026-05-13,Meta - Digital Marketing Prospecting,19456.61,196822,2227,129
2026-05-13,Meta - Finance Basics Awareness,19672.59,500034,4450,165
2026-05-13,Meta - Website Retargeting,19560.04,146075,1713,152
2026-05-14,Meta - Digital Marketing Prospecting,19978.82,199487,2362,164
2026-05-14,Meta - Finance Basics Awareness,19211.82,466474,4255,144
2026-05-14,Meta - Website Retargeting,21793.71,131863,1648,120
2026-05-15,Meta - Digital Marketing Prospecting,19882.5,234393,2459,113
2026-05-15,Meta - Finance Basics Awareness,19526.24,463263,4403,133
2026-05-15,Meta - Website Retargeting,18522.99,133355,1533,139
2026-05-16,Meta - Digital Marketing Prospecting,20586.56,222921,2450,143
2026-05-16,Meta - Finance Basics Awareness,20386.13,410647,4120,150
2026-05-16,Meta - Website Retargeting,20849.57,154812,1618,133
2026-05-17,Meta - Digital Marketing Prospecting,22374.06,276183,2897,190
2026-05-17,Meta - Finance Basics Awareness,21586.47,583296,4831,181
2026-05-17,Meta - Website Retargeting,20512.76,140172,1638,137
2026-05-18,Meta - Digital Marketing Prospecting,18405.18,177661,2015,102
2026-05-18,Meta - Finance Basics Awareness,20234.4,453374,4049,150
2026-05-18,Meta - Website Retargeting,20014.7,160084,1715,149
2026-05-19,Meta - Digital Marketing Prospecting,19299.15,209242,2333,119
2026-05-19,Meta - Finance Basics Awareness,19991.4,495267,4244,137
2026-05-19,Meta - Website Retargeting,19318.82,122270,1410,118
2026-05-20,Meta - Digital Marketing Prospecting,19942.83,226492,2524,170
2026-05-20,Meta - Finance Basics Awareness,19268.2,476770,4380,136
2026-05-20,Meta - Website Retargeting,20182.53,149521,1613,154
2026-05-21,Meta - Digital Marketing Prospecting,19290.56,233081,2190,119
2026-05-21,Meta - Finance Basics Awareness,19251.77,437119,4243,145
2026-05-21,Meta - Website Retargeting,20365.4,160950,1561,135
2026-05-22,Meta - Digital Marketing Prospecting,18526.44,183134,2229,130
2026-05-22,Meta - Finance Basics Awareness,18997.92,551264,4230,151
2026-05-22,Meta - Website Retargeting,19846.79,130345,1587,141
2026-05-23,Meta - Digital Marketing Prospecting,22033.62,257611,2706,161
2026-05-23,Meta - Finance Basics Awareness,21912.43,490315,4712,184
2026-05-23,Meta - Website Retargeting,18847.67,122692,1506,117
2026-05-24,Meta - Digital Marketing Prospecting,20131.27,202227,2317,133
2026-05-24,Meta - Finance Basics Awareness,20270.94,503348,3930,133
2026-05-24,Meta - Website Retargeting,21194.53,152873,1626,178
2026-05-25,Meta - Digital Marketing Prospecting,20995.36,225871,2648,164
2026-05-25,Meta - Finance Basics Awareness,18947.94,404030,3747,144
2026-05-25,Meta - Website Retargeting,20362.01,141346,1550,150
2026-05-26,Meta - Digital Marketing Prospecting,19403.93,202115,2346,143
2026-05-26,Meta - Finance Basics Awareness,19494.1,436143,3813,120
2026-05-26,Meta - Website Retargeting,19438.16,140468,1568,146
2026-05-27,Meta - Digital Marketing Prospecting,19225.07,192074,2187,119
2026-05-27,Meta - Finance Basics Awareness,18899.91,499486,4072,111
2026-05-27,Meta - Website Retargeting,18114.61,143973,1511,106
2026-05-28,Meta - Digital Marketing Prospecting,19781.36,209179,2457,141
2026-05-28,Meta - Finance Basics Awareness,18482.99,432223,3895,140
2026-05-28,Meta - Website Retargeting,19032.11,170572,1694,174
2026-05-29,Meta - Digital Marketing Prospecting,20070.49,215175,2451,155
2026-05-29,Meta - Finance Basics Awareness,19177.86,452202,3936,146
2026-05-29,Meta - Website Retargeting,20117.78,144475,1587,155
2026-05-30,Meta - Digital Marketing Prospecting,22235.65,232714,2675,167
2026-05-30,Meta - Finance Basics Awareness,21398.95,566598,4798,180
2026-05-30,Meta - Website Retargeting,21233.41,144500,1702,165
2026-05-31,Meta - Digital Marketing Prospecting,19934.22,194570,2271,116
2026-05-31,Meta - Finance Basics Awareness,21968.15,541997,4661,145
2026-05-31,Meta - Website Retargeting,22041.44,166163,1738,162
2026-06-01,Meta - Digital Marketing Prospecting,21200.11,208438,2168,135
2026-06-01,Meta - Finance Basics Awareness,22154.12,545674,4417,154
2026-06-01,Meta - Website Retargeting,21070.56,163526,1694,152
2026-06-02,Meta - Digital Marketing Prospecting,21591.89,248473,2742,150
2026-06-02,Meta - Finance Basics Awareness,20506.78,462877,4191,173
2026-06-02,Meta - Website Retargeting,21312.79,133260,1571,139
2026-06-03,Meta - Digital Marketing Prospecting,20546.34,225390,2370,123
2026-06-03,Meta - Finance Basics Awareness,22236.6,449392,4095,155
2026-06-03,Meta - Website Retargeting,20252.32,150275,1529,131
2026-06-04,Meta - Digital Marketing Prospecting,22510.77,237137,2655,160
2026-06-04,Meta - Finance Basics Awareness,21783.29,543441,4677,151
2026-06-04,Meta - Website Retargeting,21690.33,142516,1617,139
2026-06-05,Meta - Digital Marketing Prospecting,22004.6,231361,2574,169
2026-06-05,Meta - Finance Basics Awareness,20801.43,435155,3999,149
2026-06-05,Meta - Website Retargeting,22317.95,153200,1585,153
2026-06-06,Meta - Digital Marketing Prospecting,23288.92,240300,2675,176
2026-06-06,Meta - Finance Basics Awareness,23341.6,564390,5059,173
2026-06-06,Meta - Website Retargeting,24425.56,143233,1841,203
2026-06-07,Meta - Digital Marketing Prospecting,23693.73,241137,2736,186
2026-06-07,Meta - Finance Basics Awareness,22642.72,555554,4850,165
2026-06-07,Meta - Website Retargeting,21819.2,146113,1606,155
2026-06-08,Meta - Digital Marketing Prospecting,23144.97,228939,2598,152
2026-06-08,Meta - Finance Basics Awareness,22172.2,541708,4798,171
2026-06-08,Meta - Website Retargeting,20167.01,128275,1516,145
2026-06-09,Meta - Digital Marketing Prospecting,20847.91,212316,2240,163
2026-06-09,Meta - Finance Basics Awareness,21929.92,566176,4561,152
2026-06-09,Meta - Website Retargeting,20928.1,133434,1489,141
2026-06-10,Meta - Digital Marketing Prospecting,21793.68,245916,2808,148
2026-06-10,Meta - Finance Basics Awareness,21105.23,480340,4261,132
2026-06-10,Meta - Website Retargeting,21043.6,161356,1656,174
2026-06-11,Meta - Digital Marketing Prospecting,22856.96,194956,2482,135
2026-06-11,Meta - Finance Basics Awareness,21250.78,538095,4405,136
2026-06-11,Meta - Website Retargeting,22433.8,176974,1815,152
2026-06-12,Meta - Digital Marketing Prospecting,21243.32,239712,2493,152
2026-06-12,Meta - Finance Basics Awareness,22227.11,585986,5031,183
2026-06-12,Meta - Website Retargeting,18898.38,125725,1336,128
2026-06-13,Meta - Digital Marketing Prospecting,23908.68,266180,2773,220
2026-06-13,Meta - Finance Basics Awareness,23750.91,589838,4947,203
2026-06-13,Meta - Website Retargeting,22998.79,171864,1805,169
2026-06-14,Meta - Digital Marketing Prospecting,22791.54,237109,2870,199
2026-06-14,Meta - Finance Basics Awareness,23726.07,520428,4780,186
2026-06-14,Meta - Website Retargeting,22391.32,155682,1690,167
2026-06-15,Meta - Digital Marketing Prospecting,20523.1,228355,2527,141
2026-06-15,Meta - Finance Basics Awareness,21670.82,480523,4620,176
2026-06-15,Meta - Website Retargeting,20537.5,162395,1562,167
2026-06-16,Meta - Digital Marketing Prospecting,19503.87,224876,2389,165
2026-06-16,Meta - Finance Basics Awareness,20460.57,584463,4418,149
2026-06-16,Meta - Website Retargeting,22151.31,161827,1712,189
2026-06-17,Meta - Digital Marketing Prospecting,20351.3,243167,2628,164
2026-06-17,Meta - Finance Basics Awareness,22942.88,654974,5040,184
2026-06-17,Meta - Website Retargeting,18704.5,123939,1520,146
2026-06-18,Meta - Digital Marketing Prospecting,20981.23,230836,2385,165
2026-06-18,Meta - Finance Basics Awareness,20879.31,522405,4518,173
2026-06-18,Meta - Website Retargeting,20660.79,158291,1739,149
2026-06-19,Meta - Digital Marketing Prospecting,22240.1,260240,2677,170
2026-06-19,Meta - Finance Basics Awareness,20500.83,542347,4778,175
2026-06-19,Meta - Website Retargeting,21733.0,136915,1553,143
2026-06-20,Meta - Digital Marketing Prospecting,23514.03,247023,2887,196
2026-06-20,Meta - Finance Basics Awareness,23332.18,620163,4913,183
2026-06-20,Meta - Website Retargeting,24580.67,213139,1999,201
2026-06-21,Meta - Digital Marketing Prospecting,22444.75,238445,2675,171
2026-06-21,Meta - Finance Basics Awareness,24057.16,460120,4468,159
2026-06-21,Meta - Website Retargeting,23169.7,188192,1883,199
2026-06-22,Meta - Digital Marketing Prospecting,21884.79,250626,2580,130
2026-06-22,Meta - Finance Basics Awareness,22049.08,481680,4455,147
2026-06-22,Meta - Website Retargeting,21056.17,143933,1622,162
2026-06-23,Meta - Digital Marketing Prospecting,21907.41,244157,2571,165
2026-06-23,Meta - Finance Basics Awareness,21173.58,595958,4776,197
2026-06-23,Meta - Website Retargeting,22338.26,134684,1643,158
2026-06-24,Meta - Digital Marketing Prospecting,23055.2,220479,2689,161
2026-06-24,Meta - Finance Basics Awareness,21987.22,543341,4568,171
2026-06-24,Meta - Website Retargeting,22737.25,176851,2061,186
2026-06-25,Meta - Digital Marketing Prospecting,21905.23,215951,2313,161
2026-06-25,Meta - Finance Basics Awareness,21784.75,602669,5171,198
2026-06-25,Meta - Website Retargeting,22147.15,161146,1743,164
2026-06-26,Meta - Digital Marketing Prospecting,21549.48,251978,2734,150
2026-06-26,Meta - Finance Basics Awareness,21794.3,492480,4409,170
2026-06-26,Meta - Website Retargeting,21713.38,172912,1753,140
2026-06-27,Meta - Digital Marketing Prospecting,20828.3,239377,2651,179
2026-06-27,Meta - Finance Basics Awareness,24850.63,604291,5625,219
2026-06-27,Meta - Website Retargeting,22943.22,172658,1960,227
2026-06-28,Meta - Digital Marketing Prospecting,24333.82,278948,3003,175
2026-06-28,Meta - Finance Basics Awareness,22851.0,634976,4814,175
2026-06-28,Meta - Website Retargeting,24003.5,206153,1931,169
2026-06-29,Meta - Digital Marketing Prospecting,20957.54,192753,2302,132
2026-06-29,Meta - Finance Basics Awareness,21011.5,526444,4655,163
2026-06-29,Meta - Website Retargeting,21975.03,151882,1735,168
2026-06-30,Meta - Digital Marketing Prospecting,19819.33,212151,2257,140
2026-06-30,Meta - Finance Basics Awareness,21182.6,534866,4555,173
2026-06-30,Meta - Website Retargeting,19491.08,130963,1578,121
2026-07-01,Meta - Digital Marketing Prospecting,21252.96,214693,2233,139
2026-07-01,Meta - Finance Basics Awareness,20540.24,449780,4447,170
2026-07-01,Meta - Website Retargeting,18768.75,133004,1501,168
2026-07-02,Meta - Digital Marketing Prospecting,20030.02,208237,2164,153
2026-07-02,Meta - Finance Basics Awareness,20484.18,516886,4238,155
2026-07-02,Meta - Website Retargeting,19498.5,146032,1661,137
2026-07-03,Meta - Digital Marketing Prospecting,20015.14,229166,2514,161
2026-07-03,Meta - Finance Basics Awareness,19807.22,420763,4083,118
2026-07-03,Meta - Website Retargeting,19727.39,138681,1548,153
2026-07-04,Meta - Digital Marketing Prospecting,22452.87,272535,2765,176
2026-07-04,Meta - Finance Basics Awareness,19916.35,502146,4120,146
2026-07-04,Meta - Website Retargeting,22210.05,182338,1877,161
2026-07-05,Meta - Digital Marketing Prospecting,20843.01,231469,2424,167
2026-07-05,Meta - Finance Basics Awareness,21123.85,539187,4516,181
2026-07-05,Meta - Website Retargeting,20771.45,131890,1667,175
2026-07-06,Meta - Digital Marketing Prospecting,19730.3,209076,2427,158
2026-07-06,Meta - Finance Basics Awareness,20477.82,487524,4521,161
2026-07-06,Meta - Website Retargeting,19173.86,160808,1634,155
2026-07-07,Meta - Digital Marketing Prospecting,18924.57,182863,2072,105
2026-07-07,Meta - Finance Basics Awareness,20458.04,492259,4372,173
2026-07-07,Meta - Website Retargeting,19162.12,128152,1536,137
2026-07-08,Meta - Digital Marketing Prospecting,19080.4,198710,2345,157
2026-07-08,Meta - Finance Basics Awareness,20223.15,506655,4375,154
2026-07-08,Meta - Website Retargeting,20769.18,143761,1568,144
2026-07-09,Meta - Digital Marketing Prospecting,19159.72,231012,2208,149
2026-07-09,Meta - Finance Basics Awareness,19539.56,487514,4026,140
2026-07-09,Meta - Website Retargeting,19659.55,157232,1688,144
2026-07-10,Meta - Digital Marketing Prospecting,19700.08,213168,2250,146
2026-07-10,Meta - Finance Basics Awareness,20077.27,498305,4321,170
2026-07-10,Meta - Website Retargeting,20984.65,155740,1697,190
2026-07-11,Meta - Digital Marketing Prospecting,19861.84,191847,2242,125
2026-07-11,Meta - Finance Basics Awareness,22241.94,486832,4521,176
2026-07-11,Meta - Website Retargeting,21077.1,155051,1614,147
2026-07-12,Meta - Digital Marketing Prospecting,22130.27,270459,2737,182
2026-07-12,Meta - Finance Basics Awareness,22793.47,535919,5142,190
2026-07-12,Meta - Website Retargeting,22179.58,170836,1782,203
2026-07-13,Meta - Digital Marketing Prospecting,19357.16,222590,2473,136
2026-07-13,Meta - Finance Basics Awareness,19962.96,482664,4007,141
2026-07-13,Meta - Website Retargeting,19802.19,157429,1595,136
2026-07-14,Meta - Digital Marketing Prospecting,20185.68,193453,2122,127
2026-07-14,Meta - Finance Basics Awareness,20651.67,580283,4620,152
2026-07-14,Meta - Website Retargeting,19795.06,136664,1577,139
2026-07-15,Meta - Digital Marketing Prospecting,21116.88,199055,2435,169
2026-07-15,Meta - Finance Basics Awareness,20277.8,483450,4228,156
2026-07-15,Meta - Website Retargeting,17696.72,114271,1380,109
2026-07-16,Meta - Digital Marketing Prospecting,20268.9,231297,2666,160
2026-07-16,Meta - Finance Basics Awareness,20029.15,610028,4372,168
2026-07-16,Meta - Website Retargeting,19850.47,135492,1551,125
2026-07-17,Meta - Digital Marketing Prospecting,20019.39,193151,2165,121
2026-07-17,Meta - Finance Basics Awareness,19994.9,464969,3992,143
2026-07-17,Meta - Website Retargeting,21190.38,157808,1682,153
2026-07-18,Meta - Digital Marketing Prospecting,20409.16,226714,2538,180
2026-07-18,Meta - Finance Basics Awareness,21534.86,520114,4455,176
2026-07-18,Meta - Website Retargeting,20564.03,164454,1760,169
2026-07-19,Meta - Digital Marketing Prospecting,20740.31,229244,2552,129
2026-07-19,Meta - Finance Basics Awareness,21056.88,423183,4017,140
2026-07-19,Meta - Website Retargeting,20941.39,149802,1627,162
2026-07-20,Meta - Digital Marketing Prospecting,19280.37,182192,2157,129
2026-07-20,Meta - Finance Basics Awareness,20146.35,416405,3987,122
2026-07-20,Meta - Website Retargeting,18327.45,112707,1351,131
2026-07-21,Meta - Digital Marketing Prospecting,19945.26,210043,2154,117
2026-07-21,Meta - Finance Basics Awareness,20033.83,503354,4498,166
2026-07-21,Meta - Website Retargeting,19076.5,139108,1611,135
2026-07-22,Meta - Digital Marketing Prospecting,18688.25,207046,2177,131
2026-07-22,Meta - Finance Basics Awareness,19218.41,448353,4047,111
2026-07-22,Meta - Website Retargeting,20251.65,134031,1410,116
2026-07-23,Meta - Digital Marketing Prospecting,21455.75,202326,2489,165
2026-07-23,Meta - Finance Basics Awareness,21332.21,493812,4232,136
2026-07-23,Meta - Website Retargeting,19828.07,132788,1529,139
2026-07-24,Meta - Digital Marketing Prospecting,20805.79,227619,2616,179
2026-07-24,Meta - Finance Basics Awareness,19837.76,484337,3810,171
2026-07-24,Meta - Website Retargeting,20376.76,139905,1549,128
2026-07-25,Meta - Digital Marketing Prospecting,22182.11,269862,2740,161
2026-07-25,Meta - Finance Basics Awareness,21456.88,594011,4432,143
2026-07-25,Meta - Website Retargeting,21461.48,151359,1713,187
2026-07-26,Meta - Digital Marketing Prospecting,22993.53,203230,2351,135
2026-07-26,Meta - Finance Basics Awareness,21275.95,473684,4302,149
2026-07-26,Meta - Website Retargeting,21806.78,158039,1759,141
2026-07-27,Meta - Digital Marketing Prospecting,19723.86,235589,2477,126
2026-07-27,Meta - Finance Basics Awareness,20672.26,554785,4761,172
2026-07-27,Meta - Website Retargeting,20908.42,155152,1695,139
2026-07-28,Meta - Digital Marketing Prospecting,19854.37,202434,2396,128
2026-07-28,Meta - Finance Basics Awareness,19949.64,471769,3970,153
2026-07-28,Meta - Website Retargeting,19551.48,137457,1527,113
2026-07-29,Meta - Digital Marketing Prospecting,19859.97,214956,2359,145
2026-07-29,Meta - Finance Basics Awareness,20561.4,517367,4323,165
2026-07-29,Meta - Website Retargeting,19429.86,131348,1505,109
2026-07-30,Meta - Digital Marketing Prospecting,20127.0,220559,2313,128
2026-07-30,Meta - Finance Basics Awareness,20657.71,454745,4204,108
2026-07-30,Meta - Website Retargeting,20491.73,147519,1682,144
2026-07-31,Meta - Digital Marketing Prospecting,20219.21,211374,2169,158
2026-07-31,Meta - Finance Basics Awareness,19397.67,457708,4222,155
2026-07-31,Meta - Website Retargeting,19702.88,155383,1561,114
2026-08-01,Meta - Digital Marketing Prospecting,18138.56,191313,2218,127
2026-08-01,Meta - Finance Basics Awareness,17447.36,427132,3621,125
2026-08-01,Meta - Website Retargeting,17946.45,138597,1363,119
2026-08-02,Meta - Digital Marketing Prospecting,17833.76,205391,2166,129
2026-08-02,Meta - Finance Basics Awareness,18632.7,470686,4228,128
2026-08-02,Meta - Website Retargeting,18050.44,119726,1373,127
2026-08-03,Meta - Digital Marketing Prospecting,16799.31,171462,1942,112
2026-08-03,Meta - Finance Basics Awareness,17107.07,355326,3487,117
2026-08-03,Meta - Website Retargeting,16820.41,109996,1283,113
2026-08-04,Meta - Digital Marketing Prospecting,16853.41,169334,2093,122
2026-08-04,Meta - Finance Basics Awareness,17294.09,411144,3611,128
2026-08-04,Meta - Website Retargeting,16036.55,134576,1303,75
2026-08-05,Meta - Digital Marketing Prospecting,16459.51,220839,2098,119
2026-08-05,Meta - Finance Basics Awareness,17845.82,466696,3849,121
2026-08-05,Meta - Website Retargeting,16267.59,130814,1328,88
2026-08-06,Meta - Digital Marketing Prospecting,15594.16,198791,1937,113
2026-08-06,Meta - Finance Basics Awareness,16179.3,348470,3430,114
2026-08-06,Meta - Website Retargeting,17677.52,126812,1384,101
2026-08-07,Meta - Digital Marketing Prospecting,16213.02,143309,1727,85
2026-08-07,Meta - Finance Basics Awareness,16459.42,373775,3226,91
2026-08-07,Meta - Website Retargeting,17127.63,136338,1323,103
2026-08-08,Meta - Digital Marketing Prospecting,17583.4,155473,1982,129
2026-08-08,Meta - Finance Basics Awareness,16831.05,484468,3570,115
2026-08-08,Meta - Website Retargeting,17286.55,139805,1427,124
2026-08-09,Meta - Digital Marketing Prospecting,18360.64,229424,2537,147
2026-08-09,Meta - Finance Basics Awareness,17665.91,459718,3951,129
2026-08-09,Meta - Website Retargeting,18258.25,113177,1315,105
2026-08-10,Meta - Digital Marketing Prospecting,16458.84,161991,1906,96
2026-08-10,Meta - Finance Basics Awareness,16035.47,389992,3296,119
2026-08-10,Meta - Website Retargeting,16746.35,129435,1462,125
2026-08-11,Meta - Digital Marketing Prospecting,16832.64,178711,1990,110
2026-08-11,Meta - Finance Basics Awareness,17055.51,356390,3331,100
2026-08-11,Meta - Website Retargeting,16712.72,132022,1391,117
2026-08-12,Meta - Digital Marketing Prospecting,15933.14,178135,1866,101
2026-08-12,Meta - Finance Basics Awareness,16603.9,412169,3654,104
2026-08-12,Meta - Website Retargeting,16152.13,118737,1355,117
2026-08-13,Meta - Digital Marketing Prospecting,16248.17,169497,1836,100
2026-08-13,Meta - Finance Basics Awareness,18018.08,456066,3930,117
2026-08-13,Meta - Website Retargeting,16472.99,129861,1323,95
2026-08-14,Meta - Digital Marketing Prospecting,16388.44,187714,1835,95
2026-08-14,Meta - Finance Basics Awareness,16166.43,403516,3665,122
2026-08-14,Meta - Website Retargeting,15664.86,111208,1186,103
2026-08-15,Meta - Digital Marketing Prospecting,18175.45,220733,2363,131
2026-08-15,Meta - Finance Basics Awareness,17888.58,413672,3652,129
2026-08-15,Meta - Website Retargeting,17653.87,111121,1312,115
2026-08-16,Meta - Digital Marketing Prospecting,18162.99,178995,1995,104
2026-08-16,Meta - Finance Basics Awareness,16184.77,381746,3394,114
2026-08-16,Meta - Website Retargeting,17230.14,137230,1425,116
2026-08-17,Meta - Digital Marketing Prospecting,16093.96,183955,2148,106
2026-08-17,Meta - Finance Basics Awareness,15340.02,373845,3270,90
2026-08-17,Meta - Website Retargeting,16242.17,103697,1282,123
2026-08-18,Meta - Digital Marketing Prospecting,16472.71,194882,1934,125
2026-08-18,Meta - Finance Basics Awareness,16256.57,382377,3285,115
2026-08-18,Meta - Website Retargeting,17272.91,127343,1386,109
2026-08-19,Meta - Digital Marketing Prospecting,16148.93,163350,1914,104
2026-08-19,Meta - Finance Basics Awareness,16971.16,398827,3554,115
2026-08-19,Meta - Website Retargeting,15518.79,113761,1214,104
2026-08-20,Meta - Digital Marketing Prospecting,16128.09,171991,1853,83
2026-08-20,Meta - Finance Basics Awareness,17211.17,383857,3587,128
2026-08-20,Meta - Website Retargeting,16036.08,109509,1183,110
2026-08-21,Meta - Digital Marketing Prospecting,16159.45,216151,2147,132
2026-08-21,Meta - Finance Basics Awareness,17613.8,430188,4010,170
2026-08-21,Meta - Website Retargeting,16790.86,131795,1303,123
2026-08-22,Meta - Digital Marketing Prospecting,18479.03,182809,1985,97
2026-08-22,Meta - Finance Basics Awareness,18909.39,443409,3821,122
2026-08-22,Meta - Website Retargeting,19148.02,153451,1585,154
2026-08-23,Meta - Digital Marketing Prospecting,17704.16,190534,2020,125
2026-08-23,Meta - Finance Basics Awareness,16671.55,380440,3371,103
2026-08-23,Meta - Website Retargeting,17554.2,131141,1350,124
2026-08-24,Meta - Digital Marketing Prospecting,17508.18,232744,2008,108
2026-08-24,Meta - Finance Basics Awareness,16499.5,363343,3248,100
2026-08-24,Meta - Website Retargeting,16681.0,121172,1318,110
2026-08-25,Meta - Digital Marketing Prospecting,15839.94,152278,1865,105
2026-08-25,Meta - Finance Basics Awareness,18264.0,389186,3598,136
2026-08-25,Meta - Website Retargeting,16622.89,117836,1362,115
2026-08-26,Meta - Digital Marketing Prospecting,15876.49,234633,2080,95
2026-08-26,Meta - Finance Basics Awareness,15929.27,352974,3426,87
2026-08-26,Meta - Website Retargeting,15746.39,115468,1236,107
2026-08-27,Meta - Digital Marketing Prospecting,16352.52,150214,1922,105
2026-08-27,Meta - Finance Basics Awareness,16206.49,393745,3286,89
2026-08-27,Meta - Website Retargeting,15777.2,115994,1230,104
2026-08-28,Meta - Digital Marketing Prospecting,17039.16,189729,2040,91
2026-08-28,Meta - Finance Basics Awareness,15737.28,399446,3149,77
2026-08-28,Meta - Website Retargeting,16279.53,119989,1117,106
2026-08-29,Meta - Digital Marketing Prospecting,17324.83,216428,2124,120
2026-08-29,Meta - Finance Basics Awareness,18621.98,455279,4066,142
2026-08-29,Meta - Website Retargeting,18721.38,123231,1515,133
2026-08-30,Meta - Digital Marketing Prospecting,18233.2,179614,2210,130
2026-08-30,Meta - Finance Basics Awareness,16804.11,432246,3724,122
2026-08-30,Meta - Website Retargeting,17913.93,121558,1425,107
2026-08-31,Meta - Digital Marketing Prospecting,16311.7,167168,1844,90
2026-08-31,Meta - Finance Basics Awareness,15872.14,372945,3779,112
2026-08-31,Meta - Website Retargeting,17553.76,137934,1542,130
2026-09-01,Meta - Digital Marketing Prospecting,15415.45,182982,1899,87
2026-09-01,Meta - Website Retargeting,15548.05,122854,1366,100
2026-09-02,Meta - Digital Marketing Prospecting,15615.02,169799,1824,100
2026-09-02,Meta - Website Retargeting,15710.61,118395,1200,76
2026-09-03,Meta - Digital Marketing Prospecting,15669.12,151741,1821,104
2026-09-03,Meta - Website Retargeting,16777.42,101324,1235,121
2026-09-04,Meta - Digital Marketing Prospecting,15278.91,155865,1730,85
2026-09-04,Meta - Website Retargeting,15416.77,116078,1142,86
2026-09-05,Meta - Digital Marketing Prospecting,16608.97,178727,2003,101
2026-09-05,Meta - Website Retargeting,16846.59,120587,1305,113
2026-09-06,Meta - Digital Marketing Prospecting,17003.61,154079,1911,105
2026-09-06,Meta - Website Retargeting,16648.97,113419,1348,102
2026-09-07,Meta - Digital Marketing Prospecting,14807.07,176948,1831,104
2026-09-07,Meta - Website Retargeting,15754.77,127500,1315,100
2026-09-08,Meta - Digital Marketing Prospecting,15628.41,153836,1855,103
2026-09-08,Meta - Website Retargeting,16330.06,126727,1378,98
2026-09-09,Meta - Digital Marketing Prospecting,14734.91,137415,1551,94
2026-09-09,Meta - Website Retargeting,16692.51,137057,1387,109
2026-09-10,Meta - Digital Marketing Prospecting,15697.13,168428,1856,103
2026-09-10,Meta - Website Retargeting,15186.75,95436,1073,78
2026-09-11,Meta - Digital Marketing Prospecting,16073.73,159711,1838,86
2026-09-11,Meta - Website Retargeting,15377.18,113783,1214,95
2026-09-12,Meta - Digital Marketing Prospecting,16527.89,154149,1730,102
2026-09-12,Meta - Website Retargeting,17451.24,144598,1497,134
2026-09-13,Meta - Digital Marketing Prospecting,16472.1,149371,1629,80
2026-09-13,Meta - Website Retargeting,16287.78,112185,1261,98
2026-09-14,Meta - Digital Marketing Prospecting,14556.73,179453,1826,73
2026-09-14,Meta - Website Retargeting,15866.67,126903,1391,111
2026-09-15,Meta - Digital Marketing Prospecting,13964.76,145221,1611,96
2026-09-15,Meta - Website Retargeting,14950.29,122018,1263,111
2026-09-16,Meta - Digital Marketing Prospecting,15119.89,136418,1616,93
2026-09-16,Meta - Website Retargeting,15873.71,111750,1246,113
2026-09-17,Meta - Digital Marketing Prospecting,15584.67,210306,1916,117
2026-09-17,Meta - Website Retargeting,16142.54,126408,1286,101
2026-09-18,Meta - Digital Marketing Prospecting,16993.57,175180,1991,102
2026-09-18,Meta - Website Retargeting,15011.05,100926,1199,91
2026-09-19,Meta - Digital Marketing Prospecting,16837.63,187098,2105,130
2026-09-19,Meta - Website Retargeting,17090.66,107170,1236,93
2026-09-20,Meta - Digital Marketing Prospecting,17299.53,179515,2043,126
2026-09-20,Meta - Website Retargeting,16792.78,110640,1373,102
2026-09-21,Meta - Digital Marketing Prospecting,15628.67,180973,1927,101
2026-09-21,Meta - Website Retargeting,15813.82,122932,1228,87
2026-09-22,Meta - Digital Marketing Prospecting,15425.81,181513,1848,100
2026-09-22,Meta - Website Retargeting,15497.61,109436,1207,102
2026-09-23,Meta - Digital Marketing Prospecting,14823.23,143166,1694,88
2026-09-23,Meta - Website Retargeting,15369.04,107340,1209,85
2026-09-24,Meta - Digital Marketing Prospecting,15041.48,138003,1601,74
2026-09-24,Meta - Website Retargeting,16133.06,97584,1231,101
2026-09-25,Meta - Digital Marketing Prospecting,16096.9,162589,1845,107
2026-09-25,Meta - Website Retargeting,15530.56,114059,1260,121
2026-09-26,Meta - Digital Marketing Prospecting,17401.55,190576,2039,103
2026-09-26,Meta - Website Retargeting,16840.07,127924,1372,115
2026-09-27,Meta - Digital Marketing Prospecting,17700.11,176545,1990,119
2026-09-27,Meta - Website Retargeting,17480.6,138523,1553,154
2026-09-28,Meta - Digital Marketing Prospecting,16184.98,164441,1897,97
2026-09-28,Meta - Website Retargeting,14621.4,91448,1042,71
2026-09-29,Meta - Digital Marketing Prospecting,15697.26,176876,1871,96
2026-09-29,Meta - Website Retargeting,16714.93,121255,1268,78
2026-09-30,Meta - Digital Marketing Prospecting,15110.46,176683,1845,95
2026-09-30,Meta - Website Retargeting,15190.38,117708,1191,102
