header,source
acos,Amazon Ads
total advertising cost of sales,Amazon Ads
advertising cost of sales,Amazon Ads
tacos,Amazon Ads
total return on advertising spend,Amazon Ads
conv value cost,Google Ads
all conv value cost,Google Ads
value conv,Google Ads
value all conv,Google Ads
cost all conv,Google Ads
website purchase roas,Meta
mobile app purchase roas,Meta
complete payment roas,TikTok
cpv,YouTube
cpcv,generic
vtr,YouTube
view rate,YouTube
cpe,generic
ecpm,generic
ecpc,generic
ecpa,generic
cpi,generic
cpp,generic
romi,generic
search lost is,Google Ads
search top is,Google Ads
search abs top is,Google Ads
cost per mille,generic
