short,full
amt,amount
amnt,amount
spnd,spend
spd,spend
imps,impressions
imp,impressions
clks,clicks
clk,clicks
conv,conversions
convs,conversions
cnv,conversions
rev,revenue
revs,revenue
qty,quantity
txn,transactions
txns,transactions
trx,transactions
ord,orders
ords,orders
cust,customer
custs,customers
prod,product
cat,category
reg,region
chnl,channel
chn,channel
plat,platform
camp,campaign
cmp,campaign
cmpn,campaign
cmpgn,campaign
dt,date
wk,week
mth,month
mnth,month
yr,year
mktg,marketing
budg,budget
bdgt,budget
obj,objective
seg,segment
enq,enquiries
enqs,enquiries
lds,leads
cnt,count
num,number
no,number
tot,total
val,value
sls,sales
purch,purchases
regs,registrations
nm,name
